Date,Egg Count,Notes
"03/20/2026",4,"Normal production"
"03/21/2026",5,"Good laying day"
"03/22/2026",3,"Rain affected output"
"03/23/2026",4,"Steady production"
"03/24/2026",5,"Very clean eggs"
"03/25/2026",4,"Average day"
"03/26/2026",5,"High output"
"03/27/2026",3,"Windy day"
"03/28/2026",4,"Normal laying"
"03/29/2026",5,"Strong production"
"03/30/2026",4,"Healthy flock"
"03/31/2026",5,"All hens active"
"04/01/2026",3,"Storm reduced laying"
"04/02/2026",4,"Recovered production"
"04/03/2026",5,"Great output"
"04/04/2026",4,"Consistent eggs"
"04/05/2026",5,"Peak laying"
"04/06/2026",4,"Normal day"
"04/07/2026",5,"Clean eggs"
"04/08/2026",4,"Stable output"
