Date,Chicken Name,Note
"03/01/2026","Goldie","Slight limp observed"
"03/02/2026","Hazel","Healthy"
"03/03/2026","Dot","Minor feather loss"
"03/04/2026","Sunny","Active and alert"
"03/05/2026","Maple","Eating well"
"03/06/2026","Clover","Small peck wound"
"03/07/2026","Pepper","No issues"
"03/08/2026","Ruby","Aggressive behavior"
"03/09/2026","Luna","Very calm"
"03/10/2026","Daisy","Healthy feathers"
"03/11/2026","Olive","Normal activity"
"03/12/2026","Penny","Strong appetite"
"03/13/2026","Nugget","Growing well"
"03/14/2026","Willow","Alert"
"03/15/2026","Scarlet","No issues"
"03/16/2026","Misty","Shy behavior"
"03/17/2026","Bluebell","Healthy"
"03/18/2026","Ginger","Very active"
"03/19/2026","Snowy","No issues"
"03/20/2026","Ash","Balanced health"
